{
  "cats": [
    {
      "id": 1,
      "imageUrl": "https://images.pexels.com/photos/104827/cat-pet-animal-domestic-104827.jpeg?cs=srgb&dl=pexels-pixabay-104827.jpg&fm=jpg",
      "name": "Pretty Kitty",
      "breed": "Bombay Cat",
      "description": "Dominant and aggressive to other cats. Will probably eat you in your sleep. Very cute tho."
    },
    {
      "id": 2,
      "imageUrl": "https://media.istockphoto.com/id/1443562748/photo/cute-ginger-cat.jpg?s=612x612&w=0&k=20&c=vvM97wWz-hMj7DLzfpYRmY2VswTqcFEKkC437hxm3Cg=",
      "name": "Navcho",
      "breed": "Persian Cat",
      "description": "A talkative and affectionate cat with striking yellow eyes."
    },
    {
      "id": 3,
      "imageUrl": "https://media.istockphoto.com/id/1443562748/photo/cute-ginger-cat.jpg?s=612x612&w=0&k=20&c=vvM97wWz-hMj7DLzfpYRmY2VswTqcFEKkC437hxm3Cg=",
      "name": "Sisa",
      "breed": "Siamese Cat",
      "description": "Loves to cuddle and nap. Requires regular grooming for its luxurious coat."
    },
    {
      "id": 4,
      "imageUrl": "https://media.istockphoto.com/id/1443562748/photo/cute-ginger-cat.jpg?s=612x612&w=0&k=20&c=vvM97wWz-hMj7DLzfpYRmY2VswTqcFEKkC437hxm3Cg=",
      "name": "Garry",
      "breed": "Bombay Cat",
      "description": "Mysterious and elegant. Often found lounging in sunny spots."
    },
    {
      "id": 5,
      "name": "Superman",
      "description": "asdasdasd",
      "imageUrl": "https://encrypted-tbn0.gstatic.com/images?q=tbn:ANd9GcT-bQnvL_yGisgee2AFzgRyXxfDAaGAo0X348eL4u3RSrDwmgUVYu_c9VFpxE4mPjVx3q8&usqp=CAU",
      "breed": "Fluffy Cat"
    },
    {
      "id": 6,
      "name": "Test2",
      "description": "test descriptnion",
      "imageUrl": "https://m.media-amazon.com/images/M/MV5BMTc5MDE2ODcwNV5BMl5BanBnXkFtZTgwMzI2NzQ2NzM@._V1_.jpg",
      "breed": "Fluffy Cat"
    },
    {
      "id": 7,
      "name": "Test3",
      "description": "dasdasd",
      "imageUrl": "https://encrypted-tbn0.gstatic.com/images?q=tbn:ANd9GcT-bQnvL_yGisgee2AFzgRyXxfDAaGAo0X348eL4u3RSrDwmgUVYu_c9VFpxE4mPjVx3q8&usqp=CAU",
      "breed": "Fluffy Cat"
    }
  ],
  "breeds": []
}